"threat_ruleType","rule_id","rule_name","mapping_id","mapping_name"
"direct","MATCH-S00402","Normalized Security Signal","fe95a1da-31ac-48a0-b422-763b6c54100d","AWS GuardDuty Alerts from Sumo CIP"
"direct","MATCH-S00402","Normalized Security Signal","ef75d78a-0113-4855-a5c7-cf7075f13da7","AWS Security Hub"
"direct","MATCH-S00402","Normalized Security Signal","43211f6c-4b39-4bea-b5c9-85c2f042141e","AWSGuardDuty_Backdoor"
"direct","MATCH-S00402","Normalized Security Signal","54211f6c-4b39-4bea-b5c9-85c2f64219de","AWSGuardDuty_Behavior"
"direct","MATCH-S00402","Normalized Security Signal","c24a34b8-4cbe-4df2-9755-b2d3d7f91108","AWSGuardDuty_Catch_All"
"direct","MATCH-S00402","Normalized Security Signal","c2a661bb-b6bd-4d86-af11-e579f0de6fd8","AWSGuardDuty_CryptoCurrency"
"direct","MATCH-S00402","Normalized Security Signal","2a67adff-da74-4a93-87d8-0e4c806730fc","AWSGuardDuty_Discovery"
"direct","MATCH-S00402","Normalized Security Signal","a322a1f3-e9a0-468c-b1ae-b3f6e4f2ca9a","AWSGuardDuty_Exfiltration"
"direct","MATCH-S00402","Normalized Security Signal","43211f6c-5c39-4bea-b5c9-85c2f6421916","AWSGuardDuty_PenTest"
"direct","MATCH-S00402","Normalized Security Signal","43211f6c-4b19-4bea-b5c9-85c2f64219no","AWSGuardDuty_Persistence"
"direct","MATCH-S00402","Normalized Security Signal","43211f6c-4b39-4bea-b5c9-85cvf642142f","AWSGuardDuty_Policy"
"direct","MATCH-S00402","Normalized Security Signal","43211f6c-4b39-4bea-b5c9-85cvf642143g","AWSGuardDuty_ResourceConsumption"
"direct","MATCH-S00402","Normalized Security Signal","43211f6c-4b39-4bea-b5c9-85v2f642144h","AWSGuardDuty_Stealth"
"direct","MATCH-S00402","Normalized Security Signal","53211f6c-4b39-4bee-b510-8cc2f642145z","AWSGuardDuty_Trojan"
"direct","MATCH-S00402","Normalized Security Signal","1887d1cc-3fdc-481d-8da0-1ee18d6ce863","AlphaSOC"
"direct","MATCH-S00402","Normalized Security Signal","fa7a7c72-d746-43d2-976c-64066fc2381d","Aqua Access Control"
"direct","MATCH-S00402","Normalized Security Signal","a4fbc8a4-ef01-4c01-b336-67923aa94e1a","Aqua Runtime Policy Match"
"direct","MATCH-S00402","Normalized Security Signal","ed3eda48-9b64-41f2-8793-4b9776d3e377","Azure Event Hub - Windows Defender Logs - DeviceAlertEvents"
"direct","MATCH-S00402","Normalized Security Signal","909795be-9f91-4846-9ec6-1fb61efbce10","Box - SHIELD_ALERT"
"direct","MATCH-S00402","Normalized Security Signal","0d77bdcd-4a7b-422a-b74b-dc3e92149de0","CB Response Severity 1"
"direct","MATCH-S00402","Normalized Security Signal","2c84d188-9a94-4585-bf3a-6735e4d08e2a","CB Response Severity 2"
"direct","MATCH-S00402","Normalized Security Signal","e4e95614-7e31-407b-86e3-3fb762264444","CB Response Severity 3"
"direct","MATCH-S00402","Normalized Security Signal","57912336-4c06-4176-9e93-a4b75051552f","CarbonBlack - Bit9 - Threats"
"direct","MATCH-S00402","Normalized Security Signal","e6a5c59f-1c31-48b3-9f66-d60c2ace47a2","CarbonBlack - JSON Via Syslog"
"direct","MATCH-S00402","Normalized Security Signal","c2bdf6be-f124-4e2f-8406-c5301be476d3","CarbonBlack C2C Defense"
"direct","MATCH-S00402","Normalized Security Signal","52c644f8-7a77-493e-a398-4bcbec8006bd","CarbonBlack C2C Response"
"direct","MATCH-S00402","Normalized Security Signal","f5bfd185-04bb-4054-9afe-d57194048cf6","CarbonBlack Cloud C2C Defense"
"direct","MATCH-S00402","Normalized Security Signal","0f110f29-b481-4aaf-b4ac-17fdcfbdcdc5","CarbonBlack Cloud C2C Response"
"direct","MATCH-S00402","Normalized Security Signal","31C3106A-847C-4965-91C5-9B137667475C","CarbonBlack Defense Threat Hunter Notifications"
"direct","MATCH-S00402","Normalized Security Signal","49E2DA99-A146-43FC-A090-B346AEBF701D","CarbonBlack Defense Threat Notifications"
"direct","MATCH-S00402","Normalized Security Signal","902bd48a-8b8e-4d7a-8124-b953a37164c0","CarbonBlack LEEF Response - alert.watchlist.hit.ingress.binary"
"direct","MATCH-S00402","Normalized Security Signal","5F7A6C70-9613-494A-AA69-E8CBC4EC6C42","CarbonBlack LEEF Response - alert.watchlist.hit.ingress.process"
"direct","MATCH-S00402","Normalized Security Signal","2C9D2A2E-1987-4E16-B66A-AAAFEE4C0279","CarbonBlack LEEF Response - watchlist.hit.process"
"direct","MATCH-S00402","Normalized Security Signal","0925b516-428a-40de-8ab4-4f30ef6bba76","Cisco AMP Events - Direct"
"direct","MATCH-S00402","Normalized Security Signal","38a062b1-1308-4b5d-851e-e0f93e27c1c9","CrowdStrike Falcon - All Detection Events"
"direct","MATCH-S00402","Normalized Security Signal","5ac00bf7-2a94-4c2f-a56a-da56c2fd0f3c","CrowdStrike Falcon - All Detection Events - Custom Parser"
"direct","MATCH-S00402","Normalized Security Signal","09a000f5-0586-4ce4-b5d2-c7e99ea14650","CrowdStrike Falcon Host API DetectionSummaryEvent"
"direct","MATCH-S00402","Normalized Security Signal","0c72a484-087d-4927-8700-efed8f6cd450","CrowdStrike Falcon Host API DetectionSummaryEvent (CNC)"
"direct","MATCH-S00402","Normalized Security Signal","654e3d04-c3f8-4bc5-8604-91fb4840af3d","Cybereason C2C - Direct"
"direct","MATCH-S00402","Normalized Security Signal","947e669d-6a76-4265-a30f-de54b02b6893","CylancePROTECT ExploitAttempt"
"direct","MATCH-S00402","Normalized Security Signal","e407808f-9ddb-4a02-856d-33ba781213f4","Darktrace Parser - Catch All"
"direct","MATCH-S00402","Normalized Security Signal","bac9ddc0-8a97-4145-9c2c-a122a4f40af3","Endgame Protect JSON"
"direct","MATCH-S00402","Normalized Security Signal","907231cf-972e-4793-aee9-b4e90301ac59","Falco Detection JSON"
"direct","MATCH-S00402","Normalized Security Signal","256df1c8-7090-4499-a46e-289f7ee8a5f7","FireEye CMS DM"
"direct","MATCH-S00402","Normalized Security Signal","256df1c8-7090-4499-a46e-289f7ee8a5f8","FireEye CMS IM"
"direct","MATCH-S00402","Normalized Security Signal","00b5271f-3455-4dd5-b1e6-9cb7f2b8300f","FireEye CMS Malware Callback"
"direct","MATCH-S00402","Normalized Security Signal","256df1c8-7090-4499-a46e-289f7ee8a5f9","FireEye CMS RC"
"direct","MATCH-S00402","Normalized Security Signal","256df1c8-7090-4499-a46e-289f7ee8a5g1","FireEye CMS RO"
"direct","MATCH-S00402","Normalized Security Signal","0c48fabc-fe89-475d-b539-1f3a8fc4ed64","FireEye CMS WI"
"direct","MATCH-S00402","Normalized Security Signal","86bfb3aa-e12a-4227-8504-1ce6b1ed1979","FireEye MPS Malware Object"
"direct","MATCH-S00402","Normalized Security Signal","58649ff1-4945-4b53-928b-26845d1e410b","FireEye hx IOC Hit Found"
"direct","MATCH-S00402","Normalized Security Signal","e3f84313-4099-4c1f-97f1-700f73a76311","Fortinet DLP Logs"
"direct","MATCH-S00402","Normalized Security Signal","e4e783d6-9d89-44e1-ae23-4f622dca74a9","Google G Suite Alert Center - AppMaker Editor"
"direct","MATCH-S00402","Normalized Security Signal","a69a97f7-5dd3-438e-814d-2eb0ed589a0f","Google G Suite Alert Center - Data Loss Prevention"
"direct","MATCH-S00402","Normalized Security Signal","78922a8d-e50c-4f4c-9129-bfdb70ba6d6d","Google G Suite Alert Center - Domain wide takeout"
"direct","MATCH-S00402","Normalized Security Signal","1e4f0404-fa49-4570-83fb-2933611941d0","Google G Suite Alert Center - Gmail phishing"
"direct","MATCH-S00402","Normalized Security Signal","d770ed94-4151-4eee-97a0-361178905de7","Google G Suite Alert Center - Gmail phishing (Misconfigured whitelist)"
"direct","MATCH-S00402","Normalized Security Signal","7fa52b16-621e-4970-bbdc-e61f76864a58","Google G Suite Alert Center - Google Operations"
"direct","MATCH-S00402","Normalized Security Signal","e950f317-cca3-4b1c-88a2-e3d111e9bbd0","Google G Suite Alert Center - Google identity"
"direct","MATCH-S00402","Normalized Security Signal","03717690-868e-48e2-be0d-e381a053972e","Google G Suite Alert Center - Mobile device management (Device compromised)"
"direct","MATCH-S00402","Normalized Security Signal","f5929aaf-fa42-450d-b10b-30b48a9f8461","Google G Suite Alert Center - Mobile device management (Suspicious activity)"
"direct","MATCH-S00402","Normalized Security Signal","826cd3ba-46c5-4703-a343-3211cdd809fd","Google G Suite Alert Center - Security Center rules"
"direct","MATCH-S00402","Normalized Security Signal","1fe1e307-3010-43dc-8be6-9855d74f07cd","Google G Suite Alert Center - State Sponsored Attack"
"direct","MATCH-S00402","Normalized Security Signal","7382bdd9-df50-44f9-9dbf-18b35e7aa158","Google Security Command Center"
"direct","MATCH-S00402","Normalized Security Signal","edef03eb-307e-4360-8f9a-2dd87c71f4e6","IBM Guardium Logs"
"direct","MATCH-S00402","Normalized Security Signal","83ecd496-9783-4309-80ca-ee18f0ee92ef","Kemp WAF Message"
"direct","MATCH-S00402","Normalized Security Signal","74a1403a-a31d-41e3-9799-3f683c7a4243","Malwarebytes Endpoint Software"
"direct","MATCH-S00402","Normalized Security Signal","2a1e94cc-ddf7-4e76-b3e0-bb6c0b7c4388","McAfee Solidifier"
"direct","MATCH-S00402","Normalized Security Signal","212dc2dd-c919-498c-aa72-5e2e2d7cb094","McAfee Solidifier Custom Parser"
"direct","MATCH-S00402","Normalized Security Signal","cf4c5df3-260d-4c4a-8b8e-cd57c49073e4","Microsoft ATA Logs Abnormal and Suspicious"
"direct","MATCH-S00402","Normalized Security Signal","9bfcc455-e896-4dbf-a5db-ddac607ac67d","Microsoft Cloud App Security - Direct"
"direct","MATCH-S00402","Normalized Security Signal","5fddf764-7126-4d88-a8fd-63934d92a4e0","Microsoft Graph Identity Protection API C2C - riskDetections"
"direct","MATCH-S00402","Normalized Security Signal","97279d4b-fcae-4f95-a9d1-f04887420675","Microsoft Graph Identity Protection API C2C - riskyUsers"
"direct","MATCH-S00402","Normalized Security Signal","354f3ec7-3c0a-470b-94b3-04a706cdf428","Microsoft Graph Security API C2C"
"direct","MATCH-S00402","Normalized Security Signal","42220608-501e-4a74-ab9b-1b31d5a8a2a5","Microsoft Office 365 Threat Intelligence Atp Content Events"
"direct","MATCH-S00402","Normalized Security Signal","a2bdaf5f-92f8-45f3-be99-eb8fa34d26a7","Microsoft Office 365 Threat Intelligence Events"
"direct","MATCH-S00402","Normalized Security Signal","ab4d40ab-4286-4db5-b0ec-e26cd4172f19","Microsoft Office 365 Threat Intelligence Url Events"
"direct","MATCH-S00402","Normalized Security Signal","2fccc17b-4b0e-4507-9399-86b45d1014cd","Mimecast Targeted Threat Protection Logs"
"direct","MATCH-S00402","Normalized Security Signal","3E90EADD-5BA4-469A-8501-5FC0BE433B21","Netskope - Alerts"
"direct","MATCH-S00402","Normalized Security Signal","5792195e-5a2a-487c-a71f-63becfe8895f","Office 365 - Compliance DLP Exchange Item Events"
"direct","MATCH-S00402","Normalized Security Signal","625e3844-5ff4-4c3c-aab7-7c2dffcba260","Office 365 - Compliance DLP SharePoint"
"direct","MATCH-S00402","Normalized Security Signal","46be6981-3d59-47cc-b358-a091280a0af5","Office 365 - Security Compliance Alerts"
"direct","MATCH-S00402","Normalized Security Signal","b7de0d84-93e2-4dec-87e8-5bd77e74dbe9","Okta Security Threat Events"
"direct","MATCH-S00402","Normalized Security Signal","06cfc165-4b33-458f-8102-e918363cd2e0","Palo Alto Correlation"
"direct","MATCH-S00402","Normalized Security Signal","298ed30f-e7dc-422f-881b-7a556dc07eb0","Palo Alto Cortex - C2C"
"direct","MATCH-S00402","Normalized Security Signal","be3547e5-f844-45d4-84c5-f887e1b79f62","Palo Alto Prisma Cloud - Parser"
"direct","MATCH-S00402","Normalized Security Signal","03a073b1-75da-404e-b221-a3fac810632a","Palo Alto Threat Scan - Custom Parser"
"direct","MATCH-S00402","Normalized Security Signal","779cdb4d-382c-4f25-9c9d-0bc59721fd8c","Palo Alto Threat Spyware - Custom Parser"
"direct","MATCH-S00402","Normalized Security Signal","ebdfc811-612b-48ed-ab66-abc2ca8b9c89","Palo Alto Threat Virus - Custom Parser"
"direct","MATCH-S00402","Normalized Security Signal","43211f6c-4b50-4bea-b5c9-85c2f6421972","Recon_EC2_PortProbeUnprotectedPort"
"direct","MATCH-S00402","Normalized Security Signal","cad420b8-0f40-4c36-893d-660841b906dc","Recon_EC2_Portscan"
"direct","MATCH-S00402","Normalized Security Signal","addeeb6d-db36-4434-b0c7-d2ecc6b1d5d8","Recon_IAMUser"
"direct","MATCH-S00402","Normalized Security Signal","d2b07d5d-46fd-43eb-b073-c52cde1d9ada","SentinelOne Logs - C2C alerts"
"direct","MATCH-S00402","Normalized Security Signal","a364f0b7-9768-48d1-afa9-a732f6a48586","SentinelOne Logs - C2C threats"
"direct","MATCH-S00402","Normalized Security Signal","6be842bb-6f10-400a-a277-0ee106fb033c","SentinelOne Logs - Syslog Custom Parser"
"direct","MATCH-S00402","Normalized Security Signal","B2565C2A-FA94-49C6-9CB1-B8325B216828","Sophos - Alerts"
"direct","MATCH-S00402","Normalized Security Signal","af13f637-8188-4289-8054-35745830f802","Sophos - Masters - Threat Events"
"direct","MATCH-S00402","Normalized Security Signal","93f8cb54-e9b3-4054-8756-cfbbe9818575","Tanium Detect Event"
"direct","MATCH-S00402","Normalized Security Signal","71bd96c4-f642-4639-97bb-ee72a5152f86","Tanium Detect Event - CEF Custom Parser"
"direct","MATCH-S00402","Normalized Security Signal","63819b5e-e8e9-44a5-9dd8-c0df5ddaf370","Trend Micro Behavior Monitoring Logs"
"direct","MATCH-S00402","Normalized Security Signal","af4e514b-fcbe-4d80-9ae6-af17bfee4ca5","Trend Micro CEF logs - Integrity Monitoring"
"direct","MATCH-S00402","Normalized Security Signal","104cdeac-1041-24e8-10c1-ga7ae01bceb8","Trend Micro Control Manager CEF BM"
"direct","MATCH-S00402","Normalized Security Signal","114cdeac-1141-24e8-11c1-ga7ae11bcc10","Trend Micro Control Manager CEF CnC"
"direct","MATCH-S00402","Normalized Security Signal","56394cfe-207b-474c-86bc-c1b658646a4b","Twistlock Container Runtime Audit"
"direct","MATCH-S00402","Normalized Security Signal","43211f6c-4b39-4eea-b5c9-85c2f64219fg","UnauthorizedAccess_EC2_SSHBruteForce"
"direct","MATCH-S00402","Normalized Security Signal","729b546d-c88d-4ad4-8493-32ef57cf58a7","UnauthorizedAccess_EC2_TorClient"
"direct","MATCH-S00402","Normalized Security Signal","ee1e6516-c485-4b95-afee-993a01a7aed3","UnauthorizedAccess_EC2_TorIPCaller"
"direct","MATCH-S00402","Normalized Security Signal","6879be5d-c9f3-4229-93ab-8ca3d82ec9d4","UnauthorizedAccess_EC2_TorRelay"
"direct","MATCH-S00402","Normalized Security Signal","5bae2ece-3dbe-49b0-9bbf-3856e5330a94","UnauthorizedAccess_IAMUser"
"direct","MATCH-S00402","Normalized Security Signal","5f74dfe5-d915-4041-b71a-c8659dc2074d","Varonis"
"direct","MATCH-S00402","Normalized Security Signal","0de08132-a926-4741-a5f3-16fa02c3ca2a","Vectra Cognito Catch All"
"intrusion","MATCH-S00513","Critical Severity Intrusion Signature","db6d3445-1ed9-4e9e-9a87-ceeb374fabb3","AWS Network Firewall Alerts"
"intrusion","MATCH-S00513","Critical Severity Intrusion Signature","156ddf46-02af-43da-bb14-95fa4355d9f7","Cisco ASA 4000nn JSON"
"intrusion","MATCH-S00513","Critical Severity Intrusion Signature","d4c5da9c-c753-4c91-b749-c98a0ac24c53","Cisco Firepower CEF Alerts"
"intrusion","MATCH-S00513","Critical Severity Intrusion Signature","cfb2c4e8-72eb-4b69-ae52-c865ca397dfc","Cisco Firepower CEF FireAMP"
"intrusion","MATCH-S00513","Critical Severity Intrusion Signature","d45d66dc-d50b-408d-81f1-361a20fea5ef","Cisco Firepower Intrusion Event 430001"
"intrusion","MATCH-S00513","Critical Severity Intrusion Signature","ddfbc7e4-5f83-46b5-90fd-5d3e9bdb1ff6","Cisco Meraki IDS - Custom Parser"
"intrusion","MATCH-S00513","Critical Severity Intrusion Signature","1c55b073-ace7-4aa3-a260-c0d922beceee","Cisco Meraki IDS Alerted"
"intrusion","MATCH-S00513","Critical Severity Intrusion Signature","31d83312-6674-494b-b6d3-e0e999964ded","Cisco Meraki IDS-Alerts"
"intrusion","MATCH-S00513","Critical Severity Intrusion Signature","9c0ce215-f492-44c5-9a21-92f807c5a0f0","Cisco Meraki Security Event"
"intrusion","MATCH-S00513","Critical Severity Intrusion Signature","b872bb3b-098e-481e-a8bd-be9c49ba5e6e","Corelight NSM"
"intrusion","MATCH-S00513","Critical Severity Intrusion Signature","97cfb388-e2d6-4765-a893-914500795cac","ESET - Custom Parser"
"intrusion","MATCH-S00513","Critical Severity Intrusion Signature","256df1c8-7090-4499-a46e-289f7ee8a5f6","FireEye CMS IPS-Event"
"intrusion","MATCH-S00513","Critical Severity Intrusion Signature","11b773a5-5c8b-4769-b89e-a5b80d3af1dc","Firepower Alerts"
"intrusion","MATCH-S00513","Critical Severity Intrusion Signature","7ce1179a-f90a-4654-907c-1db4e800ff37","Firepower Alerts2"
"intrusion","MATCH-S00513","Critical Severity Intrusion Signature","82de581f-dd41-4acd-b62e-e3a8a33c0e72","Firepower File Malware Events"
"intrusion","MATCH-S00513","Critical Severity Intrusion Signature","69d9ee44-29fc-497a-85d5-aed507a923db","Firepower Intrusion Events"
"intrusion","MATCH-S00513","Critical Severity Intrusion Signature","34fd7e6c-85ef-421c-ab4f-84f9a31b835b","Firepower Primary Detection Engine Intrusion Events"
"intrusion","MATCH-S00513","Critical Severity Intrusion Signature","8a6aef8b-8983-4798-8539-bb86b4d7d271","Firepower Snort Alerts"
"intrusion","MATCH-S00513","Critical Severity Intrusion Signature","c17b35e5-dc9d-4fd8-94e4-f49b29589288","Fortinet IPS Logs"
"intrusion","MATCH-S00513","Critical Severity Intrusion Signature","c5d57c30-5458-4895-91eb-40a2483e9008","Fortinet UTM IDS1"
"intrusion","MATCH-S00513","Critical Severity Intrusion Signature","45db8052-4292-4eb6-acfa-e66ae5c7b6b3","Gigamon Threat Insight - Suricata"
"intrusion","MATCH-S00513","Critical Severity Intrusion Signature","be2becc7-9827-46a6-b2bd-16f6a6b30ea7","PAN Threat"
"intrusion","MATCH-S00513","Critical Severity Intrusion Signature","91e59967-bf60-4f76-90d8-4c277010ebf1","Palo Alto Threat"
"intrusion","MATCH-S00513","Critical Severity Intrusion Signature","52351529-dfdd-4f70-8d0f-1321cf55a61f","Palo Alto Threat Vulnerability - Custom Parser"
"intrusion","MATCH-S00513","Critical Severity Intrusion Signature","0e22eac6-b12e-44b8-95d8-4c984cdb0ab4","Suricata - JSON"
"intrusion","MATCH-S00513","Critical Severity Intrusion Signature","8d53d23e-ca67-477d-9e9e-697194abe6c9","Suricata IDS"
"intrusion","MATCH-S00513","Critical Severity Intrusion Signature","4d40b93e-fb30-451f-b894-a6204b9ac0bb","Suricata Threat Logs"
"intrusion","MATCH-S00513","Critical Severity Intrusion Signature","55ad3632-1b1f-4326-a560-3c462835a38c","Suricata alerts"
"intrusion","MATCH-S00666","High Severity Intrusion Signature","db6d3445-1ed9-4e9e-9a87-ceeb374fabb3","AWS Network Firewall Alerts"
"intrusion","MATCH-S00666","High Severity Intrusion Signature","156ddf46-02af-43da-bb14-95fa4355d9f7","Cisco ASA 4000nn JSON"
"intrusion","MATCH-S00666","High Severity Intrusion Signature","d4c5da9c-c753-4c91-b749-c98a0ac24c53","Cisco Firepower CEF Alerts"
"intrusion","MATCH-S00666","High Severity Intrusion Signature","cfb2c4e8-72eb-4b69-ae52-c865ca397dfc","Cisco Firepower CEF FireAMP"
"intrusion","MATCH-S00666","High Severity Intrusion Signature","d45d66dc-d50b-408d-81f1-361a20fea5ef","Cisco Firepower Intrusion Event 430001"
"intrusion","MATCH-S00666","High Severity Intrusion Signature","ddfbc7e4-5f83-46b5-90fd-5d3e9bdb1ff6","Cisco Meraki IDS - Custom Parser"
"intrusion","MATCH-S00666","High Severity Intrusion Signature","1c55b073-ace7-4aa3-a260-c0d922beceee","Cisco Meraki IDS Alerted"
"intrusion","MATCH-S00666","High Severity Intrusion Signature","31d83312-6674-494b-b6d3-e0e999964ded","Cisco Meraki IDS-Alerts"
"intrusion","MATCH-S00666","High Severity Intrusion Signature","9c0ce215-f492-44c5-9a21-92f807c5a0f0","Cisco Meraki Security Event"
"intrusion","MATCH-S00666","High Severity Intrusion Signature","b872bb3b-098e-481e-a8bd-be9c49ba5e6e","Corelight NSM"
"intrusion","MATCH-S00666","High Severity Intrusion Signature","97cfb388-e2d6-4765-a893-914500795cac","ESET - Custom Parser"
"intrusion","MATCH-S00666","High Severity Intrusion Signature","256df1c8-7090-4499-a46e-289f7ee8a5f6","FireEye CMS IPS-Event"
"intrusion","MATCH-S00666","High Severity Intrusion Signature","11b773a5-5c8b-4769-b89e-a5b80d3af1dc","Firepower Alerts"
"intrusion","MATCH-S00666","High Severity Intrusion Signature","7ce1179a-f90a-4654-907c-1db4e800ff37","Firepower Alerts2"
"intrusion","MATCH-S00666","High Severity Intrusion Signature","82de581f-dd41-4acd-b62e-e3a8a33c0e72","Firepower File Malware Events"
"intrusion","MATCH-S00666","High Severity Intrusion Signature","69d9ee44-29fc-497a-85d5-aed507a923db","Firepower Intrusion Events"
"intrusion","MATCH-S00666","High Severity Intrusion Signature","34fd7e6c-85ef-421c-ab4f-84f9a31b835b","Firepower Primary Detection Engine Intrusion Events"
"intrusion","MATCH-S00666","High Severity Intrusion Signature","8a6aef8b-8983-4798-8539-bb86b4d7d271","Firepower Snort Alerts"
"intrusion","MATCH-S00666","High Severity Intrusion Signature","c17b35e5-dc9d-4fd8-94e4-f49b29589288","Fortinet IPS Logs"
"intrusion","MATCH-S00666","High Severity Intrusion Signature","c5d57c30-5458-4895-91eb-40a2483e9008","Fortinet UTM IDS1"
"intrusion","MATCH-S00666","High Severity Intrusion Signature","45db8052-4292-4eb6-acfa-e66ae5c7b6b3","Gigamon Threat Insight - Suricata"
"intrusion","MATCH-S00666","High Severity Intrusion Signature","be2becc7-9827-46a6-b2bd-16f6a6b30ea7","PAN Threat"
"intrusion","MATCH-S00666","High Severity Intrusion Signature","91e59967-bf60-4f76-90d8-4c277010ebf1","Palo Alto Threat"
"intrusion","MATCH-S00666","High Severity Intrusion Signature","52351529-dfdd-4f70-8d0f-1321cf55a61f","Palo Alto Threat Vulnerability - Custom Parser"
"intrusion","MATCH-S00666","High Severity Intrusion Signature","0e22eac6-b12e-44b8-95d8-4c984cdb0ab4","Suricata - JSON"
"intrusion","MATCH-S00666","High Severity Intrusion Signature","8d53d23e-ca67-477d-9e9e-697194abe6c9","Suricata IDS"
"intrusion","MATCH-S00666","High Severity Intrusion Signature","4d40b93e-fb30-451f-b894-a6204b9ac0bb","Suricata Threat Logs"
"intrusion","MATCH-S00666","High Severity Intrusion Signature","55ad3632-1b1f-4326-a560-3c462835a38c","Suricata alerts"
"intrusion","MATCH-S00669","Informational Severity Intrusion Signature","db6d3445-1ed9-4e9e-9a87-ceeb374fabb3","AWS Network Firewall Alerts"
"intrusion","MATCH-S00669","Informational Severity Intrusion Signature","156ddf46-02af-43da-bb14-95fa4355d9f7","Cisco ASA 4000nn JSON"
"intrusion","MATCH-S00669","Informational Severity Intrusion Signature","d4c5da9c-c753-4c91-b749-c98a0ac24c53","Cisco Firepower CEF Alerts"
"intrusion","MATCH-S00669","Informational Severity Intrusion Signature","cfb2c4e8-72eb-4b69-ae52-c865ca397dfc","Cisco Firepower CEF FireAMP"
"intrusion","MATCH-S00669","Informational Severity Intrusion Signature","d45d66dc-d50b-408d-81f1-361a20fea5ef","Cisco Firepower Intrusion Event 430001"
"intrusion","MATCH-S00669","Informational Severity Intrusion Signature","ddfbc7e4-5f83-46b5-90fd-5d3e9bdb1ff6","Cisco Meraki IDS - Custom Parser"
"intrusion","MATCH-S00669","Informational Severity Intrusion Signature","1c55b073-ace7-4aa3-a260-c0d922beceee","Cisco Meraki IDS Alerted"
"intrusion","MATCH-S00669","Informational Severity Intrusion Signature","31d83312-6674-494b-b6d3-e0e999964ded","Cisco Meraki IDS-Alerts"
"intrusion","MATCH-S00669","Informational Severity Intrusion Signature","9c0ce215-f492-44c5-9a21-92f807c5a0f0","Cisco Meraki Security Event"
"intrusion","MATCH-S00669","Informational Severity Intrusion Signature","b872bb3b-098e-481e-a8bd-be9c49ba5e6e","Corelight NSM"
"intrusion","MATCH-S00669","Informational Severity Intrusion Signature","97cfb388-e2d6-4765-a893-914500795cac","ESET - Custom Parser"
"intrusion","MATCH-S00669","Informational Severity Intrusion Signature","256df1c8-7090-4499-a46e-289f7ee8a5f6","FireEye CMS IPS-Event"
"intrusion","MATCH-S00669","Informational Severity Intrusion Signature","11b773a5-5c8b-4769-b89e-a5b80d3af1dc","Firepower Alerts"
"intrusion","MATCH-S00669","Informational Severity Intrusion Signature","7ce1179a-f90a-4654-907c-1db4e800ff37","Firepower Alerts2"
"intrusion","MATCH-S00669","Informational Severity Intrusion Signature","82de581f-dd41-4acd-b62e-e3a8a33c0e72","Firepower File Malware Events"
"intrusion","MATCH-S00669","Informational Severity Intrusion Signature","69d9ee44-29fc-497a-85d5-aed507a923db","Firepower Intrusion Events"
"intrusion","MATCH-S00669","Informational Severity Intrusion Signature","34fd7e6c-85ef-421c-ab4f-84f9a31b835b","Firepower Primary Detection Engine Intrusion Events"
"intrusion","MATCH-S00669","Informational Severity Intrusion Signature","8a6aef8b-8983-4798-8539-bb86b4d7d271","Firepower Snort Alerts"
"intrusion","MATCH-S00669","Informational Severity Intrusion Signature","c17b35e5-dc9d-4fd8-94e4-f49b29589288","Fortinet IPS Logs"
"intrusion","MATCH-S00669","Informational Severity Intrusion Signature","c5d57c30-5458-4895-91eb-40a2483e9008","Fortinet UTM IDS1"
"intrusion","MATCH-S00669","Informational Severity Intrusion Signature","45db8052-4292-4eb6-acfa-e66ae5c7b6b3","Gigamon Threat Insight - Suricata"
"intrusion","MATCH-S00669","Informational Severity Intrusion Signature","be2becc7-9827-46a6-b2bd-16f6a6b30ea7","PAN Threat"
"intrusion","MATCH-S00669","Informational Severity Intrusion Signature","91e59967-bf60-4f76-90d8-4c277010ebf1","Palo Alto Threat"
"intrusion","MATCH-S00669","Informational Severity Intrusion Signature","52351529-dfdd-4f70-8d0f-1321cf55a61f","Palo Alto Threat Vulnerability - Custom Parser"
"intrusion","MATCH-S00669","Informational Severity Intrusion Signature","0e22eac6-b12e-44b8-95d8-4c984cdb0ab4","Suricata - JSON"
"intrusion","MATCH-S00669","Informational Severity Intrusion Signature","8d53d23e-ca67-477d-9e9e-697194abe6c9","Suricata IDS"
"intrusion","MATCH-S00669","Informational Severity Intrusion Signature","4d40b93e-fb30-451f-b894-a6204b9ac0bb","Suricata Threat Logs"
"intrusion","MATCH-S00669","Informational Severity Intrusion Signature","55ad3632-1b1f-4326-a560-3c462835a38c","Suricata alerts"
"intrusion","THRESHOLD-S00514","Intrusion Scan - Targeted","db6d3445-1ed9-4e9e-9a87-ceeb374fabb3","AWS Network Firewall Alerts"
"intrusion","THRESHOLD-S00514","Intrusion Scan - Targeted","156ddf46-02af-43da-bb14-95fa4355d9f7","Cisco ASA 4000nn JSON"
"intrusion","THRESHOLD-S00514","Intrusion Scan - Targeted","d4c5da9c-c753-4c91-b749-c98a0ac24c53","Cisco Firepower CEF Alerts"
"intrusion","THRESHOLD-S00514","Intrusion Scan - Targeted","cfb2c4e8-72eb-4b69-ae52-c865ca397dfc","Cisco Firepower CEF FireAMP"
"intrusion","THRESHOLD-S00514","Intrusion Scan - Targeted","d45d66dc-d50b-408d-81f1-361a20fea5ef","Cisco Firepower Intrusion Event 430001"
"intrusion","THRESHOLD-S00514","Intrusion Scan - Targeted","ddfbc7e4-5f83-46b5-90fd-5d3e9bdb1ff6","Cisco Meraki IDS - Custom Parser"
"intrusion","THRESHOLD-S00514","Intrusion Scan - Targeted","1c55b073-ace7-4aa3-a260-c0d922beceee","Cisco Meraki IDS Alerted"
"intrusion","THRESHOLD-S00514","Intrusion Scan - Targeted","31d83312-6674-494b-b6d3-e0e999964ded","Cisco Meraki IDS-Alerts"
"intrusion","THRESHOLD-S00514","Intrusion Scan - Targeted","9c0ce215-f492-44c5-9a21-92f807c5a0f0","Cisco Meraki Security Event"
"intrusion","THRESHOLD-S00514","Intrusion Scan - Targeted","b872bb3b-098e-481e-a8bd-be9c49ba5e6e","Corelight NSM"
"intrusion","THRESHOLD-S00514","Intrusion Scan - Targeted","97cfb388-e2d6-4765-a893-914500795cac","ESET - Custom Parser"
"intrusion","THRESHOLD-S00514","Intrusion Scan - Targeted","256df1c8-7090-4499-a46e-289f7ee8a5f6","FireEye CMS IPS-Event"
"intrusion","THRESHOLD-S00514","Intrusion Scan - Targeted","11b773a5-5c8b-4769-b89e-a5b80d3af1dc","Firepower Alerts"
"intrusion","THRESHOLD-S00514","Intrusion Scan - Targeted","7ce1179a-f90a-4654-907c-1db4e800ff37","Firepower Alerts2"
"intrusion","THRESHOLD-S00514","Intrusion Scan - Targeted","82de581f-dd41-4acd-b62e-e3a8a33c0e72","Firepower File Malware Events"
"intrusion","THRESHOLD-S00514","Intrusion Scan - Targeted","69d9ee44-29fc-497a-85d5-aed507a923db","Firepower Intrusion Events"
"intrusion","THRESHOLD-S00514","Intrusion Scan - Targeted","34fd7e6c-85ef-421c-ab4f-84f9a31b835b","Firepower Primary Detection Engine Intrusion Events"
"intrusion","THRESHOLD-S00514","Intrusion Scan - Targeted","8a6aef8b-8983-4798-8539-bb86b4d7d271","Firepower Snort Alerts"
"intrusion","THRESHOLD-S00514","Intrusion Scan - Targeted","c17b35e5-dc9d-4fd8-94e4-f49b29589288","Fortinet IPS Logs"
"intrusion","THRESHOLD-S00514","Intrusion Scan - Targeted","c5d57c30-5458-4895-91eb-40a2483e9008","Fortinet UTM IDS1"
"intrusion","THRESHOLD-S00514","Intrusion Scan - Targeted","45db8052-4292-4eb6-acfa-e66ae5c7b6b3","Gigamon Threat Insight - Suricata"
"intrusion","THRESHOLD-S00514","Intrusion Scan - Targeted","be2becc7-9827-46a6-b2bd-16f6a6b30ea7","PAN Threat"
"intrusion","THRESHOLD-S00514","Intrusion Scan - Targeted","91e59967-bf60-4f76-90d8-4c277010ebf1","Palo Alto Threat"
"intrusion","THRESHOLD-S00514","Intrusion Scan - Targeted","52351529-dfdd-4f70-8d0f-1321cf55a61f","Palo Alto Threat Vulnerability - Custom Parser"
"intrusion","THRESHOLD-S00514","Intrusion Scan - Targeted","0e22eac6-b12e-44b8-95d8-4c984cdb0ab4","Suricata - JSON"
"intrusion","THRESHOLD-S00514","Intrusion Scan - Targeted","8d53d23e-ca67-477d-9e9e-697194abe6c9","Suricata IDS"
"intrusion","THRESHOLD-S00514","Intrusion Scan - Targeted","4d40b93e-fb30-451f-b894-a6204b9ac0bb","Suricata Threat Logs"
"intrusion","THRESHOLD-S00514","Intrusion Scan - Targeted","55ad3632-1b1f-4326-a560-3c462835a38c","Suricata alerts"
"intrusion","THRESHOLD-S00515","Intrusion Sweep","db6d3445-1ed9-4e9e-9a87-ceeb374fabb3","AWS Network Firewall Alerts"
"intrusion","THRESHOLD-S00515","Intrusion Sweep","156ddf46-02af-43da-bb14-95fa4355d9f7","Cisco ASA 4000nn JSON"
"intrusion","THRESHOLD-S00515","Intrusion Sweep","d4c5da9c-c753-4c91-b749-c98a0ac24c53","Cisco Firepower CEF Alerts"
"intrusion","THRESHOLD-S00515","Intrusion Sweep","cfb2c4e8-72eb-4b69-ae52-c865ca397dfc","Cisco Firepower CEF FireAMP"
"intrusion","THRESHOLD-S00515","Intrusion Sweep","d45d66dc-d50b-408d-81f1-361a20fea5ef","Cisco Firepower Intrusion Event 430001"
"intrusion","THRESHOLD-S00515","Intrusion Sweep","ddfbc7e4-5f83-46b5-90fd-5d3e9bdb1ff6","Cisco Meraki IDS - Custom Parser"
"intrusion","THRESHOLD-S00515","Intrusion Sweep","1c55b073-ace7-4aa3-a260-c0d922beceee","Cisco Meraki IDS Alerted"
"intrusion","THRESHOLD-S00515","Intrusion Sweep","31d83312-6674-494b-b6d3-e0e999964ded","Cisco Meraki IDS-Alerts"
"intrusion","THRESHOLD-S00515","Intrusion Sweep","9c0ce215-f492-44c5-9a21-92f807c5a0f0","Cisco Meraki Security Event"
"intrusion","THRESHOLD-S00515","Intrusion Sweep","b872bb3b-098e-481e-a8bd-be9c49ba5e6e","Corelight NSM"
"intrusion","THRESHOLD-S00515","Intrusion Sweep","97cfb388-e2d6-4765-a893-914500795cac","ESET - Custom Parser"
"intrusion","THRESHOLD-S00515","Intrusion Sweep","256df1c8-7090-4499-a46e-289f7ee8a5f6","FireEye CMS IPS-Event"
"intrusion","THRESHOLD-S00515","Intrusion Sweep","11b773a5-5c8b-4769-b89e-a5b80d3af1dc","Firepower Alerts"
"intrusion","THRESHOLD-S00515","Intrusion Sweep","7ce1179a-f90a-4654-907c-1db4e800ff37","Firepower Alerts2"
"intrusion","THRESHOLD-S00515","Intrusion Sweep","82de581f-dd41-4acd-b62e-e3a8a33c0e72","Firepower File Malware Events"
"intrusion","THRESHOLD-S00515","Intrusion Sweep","69d9ee44-29fc-497a-85d5-aed507a923db","Firepower Intrusion Events"
"intrusion","THRESHOLD-S00515","Intrusion Sweep","34fd7e6c-85ef-421c-ab4f-84f9a31b835b","Firepower Primary Detection Engine Intrusion Events"
"intrusion","THRESHOLD-S00515","Intrusion Sweep","8a6aef8b-8983-4798-8539-bb86b4d7d271","Firepower Snort Alerts"
"intrusion","THRESHOLD-S00515","Intrusion Sweep","c17b35e5-dc9d-4fd8-94e4-f49b29589288","Fortinet IPS Logs"
"intrusion","THRESHOLD-S00515","Intrusion Sweep","c5d57c30-5458-4895-91eb-40a2483e9008","Fortinet UTM IDS1"
"intrusion","THRESHOLD-S00515","Intrusion Sweep","45db8052-4292-4eb6-acfa-e66ae5c7b6b3","Gigamon Threat Insight - Suricata"
"intrusion","THRESHOLD-S00515","Intrusion Sweep","be2becc7-9827-46a6-b2bd-16f6a6b30ea7","PAN Threat"
"intrusion","THRESHOLD-S00515","Intrusion Sweep","91e59967-bf60-4f76-90d8-4c277010ebf1","Palo Alto Threat"
"intrusion","THRESHOLD-S00515","Intrusion Sweep","52351529-dfdd-4f70-8d0f-1321cf55a61f","Palo Alto Threat Vulnerability - Custom Parser"
"intrusion","THRESHOLD-S00515","Intrusion Sweep","0e22eac6-b12e-44b8-95d8-4c984cdb0ab4","Suricata - JSON"
"intrusion","THRESHOLD-S00515","Intrusion Sweep","8d53d23e-ca67-477d-9e9e-697194abe6c9","Suricata IDS"
"intrusion","THRESHOLD-S00515","Intrusion Sweep","4d40b93e-fb30-451f-b894-a6204b9ac0bb","Suricata Threat Logs"
"intrusion","THRESHOLD-S00515","Intrusion Sweep","55ad3632-1b1f-4326-a560-3c462835a38c","Suricata alerts"
"intrusion","MATCH-S00668","Low Severity Intrusion Signature","db6d3445-1ed9-4e9e-9a87-ceeb374fabb3","AWS Network Firewall Alerts"
"intrusion","MATCH-S00668","Low Severity Intrusion Signature","156ddf46-02af-43da-bb14-95fa4355d9f7","Cisco ASA 4000nn JSON"
"intrusion","MATCH-S00668","Low Severity Intrusion Signature","d4c5da9c-c753-4c91-b749-c98a0ac24c53","Cisco Firepower CEF Alerts"
"intrusion","MATCH-S00668","Low Severity Intrusion Signature","cfb2c4e8-72eb-4b69-ae52-c865ca397dfc","Cisco Firepower CEF FireAMP"
"intrusion","MATCH-S00668","Low Severity Intrusion Signature","d45d66dc-d50b-408d-81f1-361a20fea5ef","Cisco Firepower Intrusion Event 430001"
"intrusion","MATCH-S00668","Low Severity Intrusion Signature","ddfbc7e4-5f83-46b5-90fd-5d3e9bdb1ff6","Cisco Meraki IDS - Custom Parser"
"intrusion","MATCH-S00668","Low Severity Intrusion Signature","1c55b073-ace7-4aa3-a260-c0d922beceee","Cisco Meraki IDS Alerted"
"intrusion","MATCH-S00668","Low Severity Intrusion Signature","31d83312-6674-494b-b6d3-e0e999964ded","Cisco Meraki IDS-Alerts"
"intrusion","MATCH-S00668","Low Severity Intrusion Signature","9c0ce215-f492-44c5-9a21-92f807c5a0f0","Cisco Meraki Security Event"
"intrusion","MATCH-S00668","Low Severity Intrusion Signature","b872bb3b-098e-481e-a8bd-be9c49ba5e6e","Corelight NSM"
"intrusion","MATCH-S00668","Low Severity Intrusion Signature","97cfb388-e2d6-4765-a893-914500795cac","ESET - Custom Parser"
"intrusion","MATCH-S00668","Low Severity Intrusion Signature","256df1c8-7090-4499-a46e-289f7ee8a5f6","FireEye CMS IPS-Event"
"intrusion","MATCH-S00668","Low Severity Intrusion Signature","11b773a5-5c8b-4769-b89e-a5b80d3af1dc","Firepower Alerts"
"intrusion","MATCH-S00668","Low Severity Intrusion Signature","7ce1179a-f90a-4654-907c-1db4e800ff37","Firepower Alerts2"
"intrusion","MATCH-S00668","Low Severity Intrusion Signature","82de581f-dd41-4acd-b62e-e3a8a33c0e72","Firepower File Malware Events"
"intrusion","MATCH-S00668","Low Severity Intrusion Signature","69d9ee44-29fc-497a-85d5-aed507a923db","Firepower Intrusion Events"
"intrusion","MATCH-S00668","Low Severity Intrusion Signature","34fd7e6c-85ef-421c-ab4f-84f9a31b835b","Firepower Primary Detection Engine Intrusion Events"
"intrusion","MATCH-S00668","Low Severity Intrusion Signature","8a6aef8b-8983-4798-8539-bb86b4d7d271","Firepower Snort Alerts"
"intrusion","MATCH-S00668","Low Severity Intrusion Signature","c17b35e5-dc9d-4fd8-94e4-f49b29589288","Fortinet IPS Logs"
"intrusion","MATCH-S00668","Low Severity Intrusion Signature","c5d57c30-5458-4895-91eb-40a2483e9008","Fortinet UTM IDS1"
"intrusion","MATCH-S00668","Low Severity Intrusion Signature","45db8052-4292-4eb6-acfa-e66ae5c7b6b3","Gigamon Threat Insight - Suricata"
"intrusion","MATCH-S00668","Low Severity Intrusion Signature","be2becc7-9827-46a6-b2bd-16f6a6b30ea7","PAN Threat"
"intrusion","MATCH-S00668","Low Severity Intrusion Signature","91e59967-bf60-4f76-90d8-4c277010ebf1","Palo Alto Threat"
"intrusion","MATCH-S00668","Low Severity Intrusion Signature","52351529-dfdd-4f70-8d0f-1321cf55a61f","Palo Alto Threat Vulnerability - Custom Parser"
"intrusion","MATCH-S00668","Low Severity Intrusion Signature","0e22eac6-b12e-44b8-95d8-4c984cdb0ab4","Suricata - JSON"
"intrusion","MATCH-S00668","Low Severity Intrusion Signature","8d53d23e-ca67-477d-9e9e-697194abe6c9","Suricata IDS"
"intrusion","MATCH-S00668","Low Severity Intrusion Signature","4d40b93e-fb30-451f-b894-a6204b9ac0bb","Suricata Threat Logs"
"intrusion","MATCH-S00668","Low Severity Intrusion Signature","55ad3632-1b1f-4326-a560-3c462835a38c","Suricata alerts"
"intrusion","MATCH-S00667","Medium Severity Intrusion Signature","db6d3445-1ed9-4e9e-9a87-ceeb374fabb3","AWS Network Firewall Alerts"
"intrusion","MATCH-S00667","Medium Severity Intrusion Signature","156ddf46-02af-43da-bb14-95fa4355d9f7","Cisco ASA 4000nn JSON"
"intrusion","MATCH-S00667","Medium Severity Intrusion Signature","d4c5da9c-c753-4c91-b749-c98a0ac24c53","Cisco Firepower CEF Alerts"
"intrusion","MATCH-S00667","Medium Severity Intrusion Signature","cfb2c4e8-72eb-4b69-ae52-c865ca397dfc","Cisco Firepower CEF FireAMP"
"intrusion","MATCH-S00667","Medium Severity Intrusion Signature","d45d66dc-d50b-408d-81f1-361a20fea5ef","Cisco Firepower Intrusion Event 430001"
"intrusion","MATCH-S00667","Medium Severity Intrusion Signature","ddfbc7e4-5f83-46b5-90fd-5d3e9bdb1ff6","Cisco Meraki IDS - Custom Parser"
"intrusion","MATCH-S00667","Medium Severity Intrusion Signature","1c55b073-ace7-4aa3-a260-c0d922beceee","Cisco Meraki IDS Alerted"
"intrusion","MATCH-S00667","Medium Severity Intrusion Signature","31d83312-6674-494b-b6d3-e0e999964ded","Cisco Meraki IDS-Alerts"
"intrusion","MATCH-S00667","Medium Severity Intrusion Signature","9c0ce215-f492-44c5-9a21-92f807c5a0f0","Cisco Meraki Security Event"
"intrusion","MATCH-S00667","Medium Severity Intrusion Signature","b872bb3b-098e-481e-a8bd-be9c49ba5e6e","Corelight NSM"
"intrusion","MATCH-S00667","Medium Severity Intrusion Signature","97cfb388-e2d6-4765-a893-914500795cac","ESET - Custom Parser"
"intrusion","MATCH-S00667","Medium Severity Intrusion Signature","256df1c8-7090-4499-a46e-289f7ee8a5f6","FireEye CMS IPS-Event"
"intrusion","MATCH-S00667","Medium Severity Intrusion Signature","11b773a5-5c8b-4769-b89e-a5b80d3af1dc","Firepower Alerts"
"intrusion","MATCH-S00667","Medium Severity Intrusion Signature","7ce1179a-f90a-4654-907c-1db4e800ff37","Firepower Alerts2"
"intrusion","MATCH-S00667","Medium Severity Intrusion Signature","82de581f-dd41-4acd-b62e-e3a8a33c0e72","Firepower File Malware Events"
"intrusion","MATCH-S00667","Medium Severity Intrusion Signature","69d9ee44-29fc-497a-85d5-aed507a923db","Firepower Intrusion Events"
"intrusion","MATCH-S00667","Medium Severity Intrusion Signature","34fd7e6c-85ef-421c-ab4f-84f9a31b835b","Firepower Primary Detection Engine Intrusion Events"
"intrusion","MATCH-S00667","Medium Severity Intrusion Signature","8a6aef8b-8983-4798-8539-bb86b4d7d271","Firepower Snort Alerts"
"intrusion","MATCH-S00667","Medium Severity Intrusion Signature","c17b35e5-dc9d-4fd8-94e4-f49b29589288","Fortinet IPS Logs"
"intrusion","MATCH-S00667","Medium Severity Intrusion Signature","c5d57c30-5458-4895-91eb-40a2483e9008","Fortinet UTM IDS1"
"intrusion","MATCH-S00667","Medium Severity Intrusion Signature","45db8052-4292-4eb6-acfa-e66ae5c7b6b3","Gigamon Threat Insight - Suricata"
"intrusion","MATCH-S00667","Medium Severity Intrusion Signature","be2becc7-9827-46a6-b2bd-16f6a6b30ea7","PAN Threat"
"intrusion","MATCH-S00667","Medium Severity Intrusion Signature","91e59967-bf60-4f76-90d8-4c277010ebf1","Palo Alto Threat"
"intrusion","MATCH-S00667","Medium Severity Intrusion Signature","52351529-dfdd-4f70-8d0f-1321cf55a61f","Palo Alto Threat Vulnerability - Custom Parser"
"intrusion","MATCH-S00667","Medium Severity Intrusion Signature","0e22eac6-b12e-44b8-95d8-4c984cdb0ab4","Suricata - JSON"
"intrusion","MATCH-S00667","Medium Severity Intrusion Signature","8d53d23e-ca67-477d-9e9e-697194abe6c9","Suricata IDS"
"intrusion","MATCH-S00667","Medium Severity Intrusion Signature","4d40b93e-fb30-451f-b894-a6204b9ac0bb","Suricata Threat Logs"
"intrusion","MATCH-S00667","Medium Severity Intrusion Signature","55ad3632-1b1f-4326-a560-3c462835a38c","Suricata alerts"
"malware","MATCH-S00516","Antivirus Ransomware Detection","d9997795-5188-4f5b-b3cc-28b0d0a2a5c5","Cisco AMP Cloud IOC Events - Malware"
"malware","MATCH-S00516","Antivirus Ransomware Detection","6123f3d1-5699-44ea-b307-edc1c17099c5","Cisco AMP Events - Malware"
"malware","MATCH-S00516","Antivirus Ransomware Detection","e95e03dc-5c20-4ad8-9db9-85f765b08ca2","Cybereason C2C - Malware"
"malware","MATCH-S00516","Antivirus Ransomware Detection","465f97fa-0bc6-4eb7-8228-8269da97c4f8","CylancePROTECT Threats"
"malware","MATCH-S00516","Antivirus Ransomware Detection","7b3663a8-0137-41ad-bb01-c4d713aafca0","FireEye hx Malware Hit Found"
"malware","MATCH-S00516","Antivirus Ransomware Detection","a119686a-c0a6-44af-a36d-9d01d1aac496","Fortinet Virus Logs"
"malware","MATCH-S00516","Antivirus Ransomware Detection","19758328-89cd-11ea-bc55-0242ac130003","McAfee Endpoint EPOevent"
"malware","MATCH-S00516","Antivirus Ransomware Detection","9d5a9da6-718a-4f65-8f7a-04f3d5b5b369","McAfee Endpoint Security Custom Parser"
"malware","MATCH-S00516","Antivirus Ransomware Detection","2015b1c0-a1c7-47b4-9dd5-e87fb392abcf","Symantec Agent Risk Logs"
"malware","MATCH-S00516","Antivirus Ransomware Detection","1e0b4437-9d36-457f-8e9c-6786f976eb6b","Symantec Agent Risk SONAR Logs"
"malware","MATCH-S00516","Antivirus Ransomware Detection","0b0a1397-107b-434e-ba29-06c6150066d8","Symantec SEP Compressed File"
"malware","MATCH-S00516","Antivirus Ransomware Detection","07ba7abc-2bc0-4eda-956b-abe57412b43e","Symantec SEP Compressed File 02"
"malware","MATCH-S00516","Antivirus Ransomware Detection","f7e3a7a2-31b3-4b5f-8edb-6afe5f7c5ecd","Symantec SEP Potential Risk Found 01"
"malware","MATCH-S00516","Antivirus Ransomware Detection","0d1fedd9-1452-4ca3-809f-42255da87591","Symantec SEP Potential Risk Found 04"
"malware","MATCH-S00516","Antivirus Ransomware Detection","cf320ec8-3582-44b8-b36c-d71699ebd3dc","Symantec SEP Potential Risk Found 2"
"malware","MATCH-S00516","Antivirus Ransomware Detection","fa1e0692-474d-4bda-be7e-160594860db7","Symantec SEP Potential Risk Found 3"
"malware","MATCH-S00516","Antivirus Ransomware Detection","31e689be-5f60-4312-b486-fd1707a5086d","Symantec SEP Security Risk Found 03"
"malware","MATCH-S00516","Antivirus Ransomware Detection","6a4906c9-796b-4694-a0ad-27c186590d34","Symantec SEP Security Risk Found 2"
"malware","MATCH-S00516","Antivirus Ransomware Detection","9e934bc5-ec77-4123-a8c6-c71f67865ed2","Symantec SEP Sonar Detection"
"malware","MATCH-S00516","Antivirus Ransomware Detection","c7a1ec16-46c5-439d-be04-23835c58e82b","Symantec SEP Sonar Detection Variation 2"
"malware","MATCH-S00516","Antivirus Ransomware Detection","9f374205-c0d7-4952-8cb4-28917856f5d3","Symantec SEP Virus Found"
"malware","MATCH-S00516","Antivirus Ransomware Detection","cde31c72-92c8-4e98-bd09-1bfbb6cbaf71","Symantec Virus Found 2"
"malware","MATCH-S00516","Antivirus Ransomware Detection","4d14a9ab-2427-44e6-a56a-20c7f2d55460","Trend Micro Apex Central CEF Spyware Detected"
"malware","MATCH-S00516","Antivirus Ransomware Detection","874cdeac-8341-24e8-adc1-ga7ae01bbebe","Trend Micro Control Manager CEF AV"
"malware","MATCH-S00516","Antivirus Ransomware Detection","aff99b4d-643e-476d-95fb-e5a4c1c92471","Trend Micro Control Manager CEF Spyware Detected"
"malware","MATCH-S00516","Antivirus Ransomware Detection","e58c8bce-3ea6-478e-ae72-4782bff6992a","Windows Defender JSON"
"malware","MATCH-S00516","Antivirus Ransomware Detection","752f7b96-5deb-11ea-bc55-0242ac130003","Windows Defender Unstructured"
"malware","MATCH-S00519","Malware Cleaned","d9997795-5188-4f5b-b3cc-28b0d0a2a5c5","Cisco AMP Cloud IOC Events - Malware"
"malware","MATCH-S00519","Malware Cleaned","6123f3d1-5699-44ea-b307-edc1c17099c5","Cisco AMP Events - Malware"
"malware","MATCH-S00519","Malware Cleaned","e95e03dc-5c20-4ad8-9db9-85f765b08ca2","Cybereason C2C - Malware"
"malware","MATCH-S00519","Malware Cleaned","465f97fa-0bc6-4eb7-8228-8269da97c4f8","CylancePROTECT Threats"
"malware","MATCH-S00519","Malware Cleaned","7b3663a8-0137-41ad-bb01-c4d713aafca0","FireEye hx Malware Hit Found"
"malware","MATCH-S00519","Malware Cleaned","a119686a-c0a6-44af-a36d-9d01d1aac496","Fortinet Virus Logs"
"malware","MATCH-S00519","Malware Cleaned","19758328-89cd-11ea-bc55-0242ac130003","McAfee Endpoint EPOevent"
"malware","MATCH-S00519","Malware Cleaned","9d5a9da6-718a-4f65-8f7a-04f3d5b5b369","McAfee Endpoint Security Custom Parser"
"malware","MATCH-S00519","Malware Cleaned","2015b1c0-a1c7-47b4-9dd5-e87fb392abcf","Symantec Agent Risk Logs"
"malware","MATCH-S00519","Malware Cleaned","1e0b4437-9d36-457f-8e9c-6786f976eb6b","Symantec Agent Risk SONAR Logs"
"malware","MATCH-S00519","Malware Cleaned","0b0a1397-107b-434e-ba29-06c6150066d8","Symantec SEP Compressed File"
"malware","MATCH-S00519","Malware Cleaned","07ba7abc-2bc0-4eda-956b-abe57412b43e","Symantec SEP Compressed File 02"
"malware","MATCH-S00519","Malware Cleaned","f7e3a7a2-31b3-4b5f-8edb-6afe5f7c5ecd","Symantec SEP Potential Risk Found 01"
"malware","MATCH-S00519","Malware Cleaned","0d1fedd9-1452-4ca3-809f-42255da87591","Symantec SEP Potential Risk Found 04"
"malware","MATCH-S00519","Malware Cleaned","cf320ec8-3582-44b8-b36c-d71699ebd3dc","Symantec SEP Potential Risk Found 2"
"malware","MATCH-S00519","Malware Cleaned","fa1e0692-474d-4bda-be7e-160594860db7","Symantec SEP Potential Risk Found 3"
"malware","MATCH-S00519","Malware Cleaned","31e689be-5f60-4312-b486-fd1707a5086d","Symantec SEP Security Risk Found 03"
"malware","MATCH-S00519","Malware Cleaned","6a4906c9-796b-4694-a0ad-27c186590d34","Symantec SEP Security Risk Found 2"
"malware","MATCH-S00519","Malware Cleaned","9e934bc5-ec77-4123-a8c6-c71f67865ed2","Symantec SEP Sonar Detection"
"malware","MATCH-S00519","Malware Cleaned","c7a1ec16-46c5-439d-be04-23835c58e82b","Symantec SEP Sonar Detection Variation 2"
"malware","MATCH-S00519","Malware Cleaned","9f374205-c0d7-4952-8cb4-28917856f5d3","Symantec SEP Virus Found"
"malware","MATCH-S00519","Malware Cleaned","cde31c72-92c8-4e98-bd09-1bfbb6cbaf71","Symantec Virus Found 2"
"malware","MATCH-S00519","Malware Cleaned","4d14a9ab-2427-44e6-a56a-20c7f2d55460","Trend Micro Apex Central CEF Spyware Detected"
"malware","MATCH-S00519","Malware Cleaned","874cdeac-8341-24e8-adc1-ga7ae01bbebe","Trend Micro Control Manager CEF AV"
"malware","MATCH-S00519","Malware Cleaned","aff99b4d-643e-476d-95fb-e5a4c1c92471","Trend Micro Control Manager CEF Spyware Detected"
"malware","MATCH-S00519","Malware Cleaned","e58c8bce-3ea6-478e-ae72-4782bff6992a","Windows Defender JSON"
"malware","MATCH-S00519","Malware Cleaned","752f7b96-5deb-11ea-bc55-0242ac130003","Windows Defender Unstructured"
"malware","MATCH-S00518","Malware Not Cleaned","d9997795-5188-4f5b-b3cc-28b0d0a2a5c5","Cisco AMP Cloud IOC Events - Malware"
"malware","MATCH-S00518","Malware Not Cleaned","6123f3d1-5699-44ea-b307-edc1c17099c5","Cisco AMP Events - Malware"
"malware","MATCH-S00518","Malware Not Cleaned","e95e03dc-5c20-4ad8-9db9-85f765b08ca2","Cybereason C2C - Malware"
"malware","MATCH-S00518","Malware Not Cleaned","465f97fa-0bc6-4eb7-8228-8269da97c4f8","CylancePROTECT Threats"
"malware","MATCH-S00518","Malware Not Cleaned","7b3663a8-0137-41ad-bb01-c4d713aafca0","FireEye hx Malware Hit Found"
"malware","MATCH-S00518","Malware Not Cleaned","a119686a-c0a6-44af-a36d-9d01d1aac496","Fortinet Virus Logs"
"malware","MATCH-S00518","Malware Not Cleaned","19758328-89cd-11ea-bc55-0242ac130003","McAfee Endpoint EPOevent"
"malware","MATCH-S00518","Malware Not Cleaned","9d5a9da6-718a-4f65-8f7a-04f3d5b5b369","McAfee Endpoint Security Custom Parser"
"malware","MATCH-S00518","Malware Not Cleaned","2015b1c0-a1c7-47b4-9dd5-e87fb392abcf","Symantec Agent Risk Logs"
"malware","MATCH-S00518","Malware Not Cleaned","1e0b4437-9d36-457f-8e9c-6786f976eb6b","Symantec Agent Risk SONAR Logs"
"malware","MATCH-S00518","Malware Not Cleaned","0b0a1397-107b-434e-ba29-06c6150066d8","Symantec SEP Compressed File"
"malware","MATCH-S00518","Malware Not Cleaned","07ba7abc-2bc0-4eda-956b-abe57412b43e","Symantec SEP Compressed File 02"
"malware","MATCH-S00518","Malware Not Cleaned","f7e3a7a2-31b3-4b5f-8edb-6afe5f7c5ecd","Symantec SEP Potential Risk Found 01"
"malware","MATCH-S00518","Malware Not Cleaned","0d1fedd9-1452-4ca3-809f-42255da87591","Symantec SEP Potential Risk Found 04"
"malware","MATCH-S00518","Malware Not Cleaned","cf320ec8-3582-44b8-b36c-d71699ebd3dc","Symantec SEP Potential Risk Found 2"
"malware","MATCH-S00518","Malware Not Cleaned","fa1e0692-474d-4bda-be7e-160594860db7","Symantec SEP Potential Risk Found 3"
"malware","MATCH-S00518","Malware Not Cleaned","31e689be-5f60-4312-b486-fd1707a5086d","Symantec SEP Security Risk Found 03"
"malware","MATCH-S00518","Malware Not Cleaned","6a4906c9-796b-4694-a0ad-27c186590d34","Symantec SEP Security Risk Found 2"
"malware","MATCH-S00518","Malware Not Cleaned","9e934bc5-ec77-4123-a8c6-c71f67865ed2","Symantec SEP Sonar Detection"
"malware","MATCH-S00518","Malware Not Cleaned","c7a1ec16-46c5-439d-be04-23835c58e82b","Symantec SEP Sonar Detection Variation 2"
"malware","MATCH-S00518","Malware Not Cleaned","9f374205-c0d7-4952-8cb4-28917856f5d3","Symantec SEP Virus Found"
"malware","MATCH-S00518","Malware Not Cleaned","cde31c72-92c8-4e98-bd09-1bfbb6cbaf71","Symantec Virus Found 2"
"malware","MATCH-S00518","Malware Not Cleaned","4d14a9ab-2427-44e6-a56a-20c7f2d55460","Trend Micro Apex Central CEF Spyware Detected"
"malware","MATCH-S00518","Malware Not Cleaned","874cdeac-8341-24e8-adc1-ga7ae01bbebe","Trend Micro Control Manager CEF AV"
"malware","MATCH-S00518","Malware Not Cleaned","aff99b4d-643e-476d-95fb-e5a4c1c92471","Trend Micro Control Manager CEF Spyware Detected"
"malware","MATCH-S00518","Malware Not Cleaned","e58c8bce-3ea6-478e-ae72-4782bff6992a","Windows Defender JSON"
"malware","MATCH-S00518","Malware Not Cleaned","752f7b96-5deb-11ea-bc55-0242ac130003","Windows Defender Unstructured"
"malware","THRESHOLD-S00517","Malware Outbreak","d9997795-5188-4f5b-b3cc-28b0d0a2a5c5","Cisco AMP Cloud IOC Events - Malware"
"malware","THRESHOLD-S00517","Malware Outbreak","6123f3d1-5699-44ea-b307-edc1c17099c5","Cisco AMP Events - Malware"
"malware","THRESHOLD-S00517","Malware Outbreak","e95e03dc-5c20-4ad8-9db9-85f765b08ca2","Cybereason C2C - Malware"
"malware","THRESHOLD-S00517","Malware Outbreak","465f97fa-0bc6-4eb7-8228-8269da97c4f8","CylancePROTECT Threats"
"malware","THRESHOLD-S00517","Malware Outbreak","7b3663a8-0137-41ad-bb01-c4d713aafca0","FireEye hx Malware Hit Found"
"malware","THRESHOLD-S00517","Malware Outbreak","a119686a-c0a6-44af-a36d-9d01d1aac496","Fortinet Virus Logs"
"malware","THRESHOLD-S00517","Malware Outbreak","19758328-89cd-11ea-bc55-0242ac130003","McAfee Endpoint EPOevent"
"malware","THRESHOLD-S00517","Malware Outbreak","9d5a9da6-718a-4f65-8f7a-04f3d5b5b369","McAfee Endpoint Security Custom Parser"
"malware","THRESHOLD-S00517","Malware Outbreak","2015b1c0-a1c7-47b4-9dd5-e87fb392abcf","Symantec Agent Risk Logs"
"malware","THRESHOLD-S00517","Malware Outbreak","1e0b4437-9d36-457f-8e9c-6786f976eb6b","Symantec Agent Risk SONAR Logs"
"malware","THRESHOLD-S00517","Malware Outbreak","0b0a1397-107b-434e-ba29-06c6150066d8","Symantec SEP Compressed File"
"malware","THRESHOLD-S00517","Malware Outbreak","07ba7abc-2bc0-4eda-956b-abe57412b43e","Symantec SEP Compressed File 02"
"malware","THRESHOLD-S00517","Malware Outbreak","f7e3a7a2-31b3-4b5f-8edb-6afe5f7c5ecd","Symantec SEP Potential Risk Found 01"
"malware","THRESHOLD-S00517","Malware Outbreak","0d1fedd9-1452-4ca3-809f-42255da87591","Symantec SEP Potential Risk Found 04"
"malware","THRESHOLD-S00517","Malware Outbreak","cf320ec8-3582-44b8-b36c-d71699ebd3dc","Symantec SEP Potential Risk Found 2"
"malware","THRESHOLD-S00517","Malware Outbreak","fa1e0692-474d-4bda-be7e-160594860db7","Symantec SEP Potential Risk Found 3"
"malware","THRESHOLD-S00517","Malware Outbreak","31e689be-5f60-4312-b486-fd1707a5086d","Symantec SEP Security Risk Found 03"
"malware","THRESHOLD-S00517","Malware Outbreak","6a4906c9-796b-4694-a0ad-27c186590d34","Symantec SEP Security Risk Found 2"
"malware","THRESHOLD-S00517","Malware Outbreak","9e934bc5-ec77-4123-a8c6-c71f67865ed2","Symantec SEP Sonar Detection"
"malware","THRESHOLD-S00517","Malware Outbreak","c7a1ec16-46c5-439d-be04-23835c58e82b","Symantec SEP Sonar Detection Variation 2"
"malware","THRESHOLD-S00517","Malware Outbreak","9f374205-c0d7-4952-8cb4-28917856f5d3","Symantec SEP Virus Found"
"malware","THRESHOLD-S00517","Malware Outbreak","cde31c72-92c8-4e98-bd09-1bfbb6cbaf71","Symantec Virus Found 2"
"malware","THRESHOLD-S00517","Malware Outbreak","4d14a9ab-2427-44e6-a56a-20c7f2d55460","Trend Micro Apex Central CEF Spyware Detected"
"malware","THRESHOLD-S00517","Malware Outbreak","874cdeac-8341-24e8-adc1-ga7ae01bbebe","Trend Micro Control Manager CEF AV"
"malware","THRESHOLD-S00517","Malware Outbreak","aff99b4d-643e-476d-95fb-e5a4c1c92471","Trend Micro Control Manager CEF Spyware Detected"
"malware","THRESHOLD-S00517","Malware Outbreak","e58c8bce-3ea6-478e-ae72-4782bff6992a","Windows Defender JSON"
"malware","THRESHOLD-S00517","Malware Outbreak","752f7b96-5deb-11ea-bc55-0242ac130003","Windows Defender Unstructured"
"malware","THRESHOLD-S00520","Persistent Malware Infection","d9997795-5188-4f5b-b3cc-28b0d0a2a5c5","Cisco AMP Cloud IOC Events - Malware"
"malware","THRESHOLD-S00520","Persistent Malware Infection","6123f3d1-5699-44ea-b307-edc1c17099c5","Cisco AMP Events - Malware"
"malware","THRESHOLD-S00520","Persistent Malware Infection","e95e03dc-5c20-4ad8-9db9-85f765b08ca2","Cybereason C2C - Malware"
"malware","THRESHOLD-S00520","Persistent Malware Infection","465f97fa-0bc6-4eb7-8228-8269da97c4f8","CylancePROTECT Threats"
"malware","THRESHOLD-S00520","Persistent Malware Infection","7b3663a8-0137-41ad-bb01-c4d713aafca0","FireEye hx Malware Hit Found"
"malware","THRESHOLD-S00520","Persistent Malware Infection","a119686a-c0a6-44af-a36d-9d01d1aac496","Fortinet Virus Logs"
"malware","THRESHOLD-S00520","Persistent Malware Infection","19758328-89cd-11ea-bc55-0242ac130003","McAfee Endpoint EPOevent"
"malware","THRESHOLD-S00520","Persistent Malware Infection","9d5a9da6-718a-4f65-8f7a-04f3d5b5b369","McAfee Endpoint Security Custom Parser"
"malware","THRESHOLD-S00520","Persistent Malware Infection","2015b1c0-a1c7-47b4-9dd5-e87fb392abcf","Symantec Agent Risk Logs"
"malware","THRESHOLD-S00520","Persistent Malware Infection","1e0b4437-9d36-457f-8e9c-6786f976eb6b","Symantec Agent Risk SONAR Logs"
"malware","THRESHOLD-S00520","Persistent Malware Infection","0b0a1397-107b-434e-ba29-06c6150066d8","Symantec SEP Compressed File"
"malware","THRESHOLD-S00520","Persistent Malware Infection","07ba7abc-2bc0-4eda-956b-abe57412b43e","Symantec SEP Compressed File 02"
"malware","THRESHOLD-S00520","Persistent Malware Infection","f7e3a7a2-31b3-4b5f-8edb-6afe5f7c5ecd","Symantec SEP Potential Risk Found 01"
"malware","THRESHOLD-S00520","Persistent Malware Infection","0d1fedd9-1452-4ca3-809f-42255da87591","Symantec SEP Potential Risk Found 04"
"malware","THRESHOLD-S00520","Persistent Malware Infection","cf320ec8-3582-44b8-b36c-d71699ebd3dc","Symantec SEP Potential Risk Found 2"
"malware","THRESHOLD-S00520","Persistent Malware Infection","fa1e0692-474d-4bda-be7e-160594860db7","Symantec SEP Potential Risk Found 3"
"malware","THRESHOLD-S00520","Persistent Malware Infection","31e689be-5f60-4312-b486-fd1707a5086d","Symantec SEP Security Risk Found 03"
"malware","THRESHOLD-S00520","Persistent Malware Infection","6a4906c9-796b-4694-a0ad-27c186590d34","Symantec SEP Security Risk Found 2"
"malware","THRESHOLD-S00520","Persistent Malware Infection","9e934bc5-ec77-4123-a8c6-c71f67865ed2","Symantec SEP Sonar Detection"
"malware","THRESHOLD-S00520","Persistent Malware Infection","c7a1ec16-46c5-439d-be04-23835c58e82b","Symantec SEP Sonar Detection Variation 2"
"malware","THRESHOLD-S00520","Persistent Malware Infection","9f374205-c0d7-4952-8cb4-28917856f5d3","Symantec SEP Virus Found"
"malware","THRESHOLD-S00520","Persistent Malware Infection","cde31c72-92c8-4e98-bd09-1bfbb6cbaf71","Symantec Virus Found 2"
"malware","THRESHOLD-S00520","Persistent Malware Infection","4d14a9ab-2427-44e6-a56a-20c7f2d55460","Trend Micro Apex Central CEF Spyware Detected"
"malware","THRESHOLD-S00520","Persistent Malware Infection","874cdeac-8341-24e8-adc1-ga7ae01bbebe","Trend Micro Control Manager CEF AV"
"malware","THRESHOLD-S00520","Persistent Malware Infection","aff99b4d-643e-476d-95fb-e5a4c1c92471","Trend Micro Control Manager CEF Spyware Detected"
"malware","THRESHOLD-S00520","Persistent Malware Infection","e58c8bce-3ea6-478e-ae72-4782bff6992a","Windows Defender JSON"
"malware","THRESHOLD-S00520","Persistent Malware Infection","752f7b96-5deb-11ea-bc55-0242ac130003","Windows Defender Unstructured"